ResinTag #,Plot ,Rep,Installed,Removed,Extracted,ug NH4-N/day,ug NO3-N/day,Notes
1,1,,11-May-16,8-Aug-16,8-Aug-16,0,11.23259645,
2,1,,11-May-16,8-Aug-16,8-Aug-16,0.985617978,22.60857756,"Exposed on top of soil, not completely buried. A lot of debris in the area and a fallen branch. Orange flags."
3,1,,11-May-16,8-Aug-16,8-Aug-16,0.528539326,9.852003879,
4,2,,11-May-16,8-Aug-16,8-Aug-16,0.950561798,19.3385153,
5,2,,11-May-16,8-Aug-16,8-Aug-16,2.648089888,30.97037534,Was stepped on a lot. Soil was very compacted. 
6,2,,11-May-16,8-Aug-16,8-Aug-16,0.268314607,25.79646939,
7,3,,11-May-16,8-Aug-16,8-Aug-16,4.371235955,10.56561025,
8,3,,11-May-16,8-Aug-16,8-Aug-16,1.015280899,4.694921644,
9,3,,11-May-16,8-Aug-16,8-Aug-16,0.149662921,18.19459386,
10,4,,11-May-16,8-Aug-16,8-Aug-16,1.244494382,6.514888793,
11,4,,11-May-16,8-Aug-16,8-Aug-16,1.37258427,3.352791354,
12,4,,11-May-16,8-Aug-16,8-Aug-16,1.888988764,21.78072398,
13,5,,11-May-16,8-Aug-16,8-Aug-16,0.459775281,8.106365575,
14,5,,11-May-16,8-Aug-16,8-Aug-16,1.119101124,9.010773847,
15,5,,11-May-16,8-Aug-16,8-Aug-16,1.914606742,7.237800546,
16,6,,11-May-16,8-Aug-16,8-Aug-16,0.989662921,23.18768125,Area may have been stepped on. Soil very compacted.
17,6,,11-May-16,8-Aug-16,8-Aug-16,0,13.50895729,
18,6,,11-May-16,8-Aug-16,8-Aug-16,0.179325843,4.541592219,
19,Blanks,,11-May-16,8-Aug-16,8-Aug-16,,,Blanks
20,Blanks,,11-May-16,8-Aug-16,8-Aug-16,,,Blanks
21,1,,10-Aug-16,26-Sep-16,8-Nov-16,2.803404255,28.9932743,
22,1,,10-Aug-16,26-Sep-16,8-Nov-16,0.002553191,13.00814812,
23,1,,10-Aug-16,26-Sep-16,8-Nov-16,1.222978723,39.41967877,
24,2,,10-Aug-16,26-Sep-16,8-Nov-16,1.092765957,25.73878779,
25,2,,10-Aug-16,26-Sep-16,8-Nov-16,3.472340426,21.04009179,
26,2,,10-Aug-16,26-Sep-16,8-Nov-16,0.528510638,9.384725271,
27,3,,10-Aug-16,26-Sep-16,8-Nov-16,11.94382979,12.69248022,
28,3,,10-Aug-16,26-Sep-16,8-Nov-16,5.024680851,21.06482437,
29,3,,10-Aug-16,26-Sep-16,8-Nov-16,0.970212766,12.50004455,
30,4,,10-Aug-16,26-Sep-16,8-Nov-16,0,4.721865699,
31,4,,10-Aug-16,26-Sep-16,8-Nov-16,0,13.45144718,
32,4,,10-Aug-16,26-Sep-16,8-Nov-16,0,4.549742255,
33,5,,10-Aug-16,26-Sep-16,8-Nov-16,0,5.818584325,Root growing through capsule.
34,5,,10-Aug-16,26-Sep-16,8-Nov-16,0.686808511,19.41798672,
35,5,,10-Aug-16,26-Sep-16,8-Nov-16,0.605106383,7.393676223,Worm on top of capsule.
36,6,,10-Aug-16,26-Sep-16,8-Nov-16,0.168510638,9.399076731,
37,6,,10-Aug-16,26-Sep-16,8-Nov-16,0.6,12.29711002,
38,6,,10-Aug-16,26-Sep-16,8-Nov-16,0.150638298,20.8384658,
39,Blanks,,10-Aug-16,26-Sep-16,8-Nov-16,,,Blanks
40,Blanks,,10-Aug-16,26-Sep-16,8-Nov-16,,,Blanks
41,1,,27-Sep-16,30-Dec-16,20-Jan-17,3.130212766,44.50109814,
42,1,,27-Sep-16,30-Dec-16,20-Jan-17,1.636595745,43.13336627,
43,1,,27-Sep-16,30-Dec-16,20-Jan-17,0.542553191,18.20761819,
44,2,,27-Sep-16,30-Dec-16,20-Jan-17,0.705957447,27.96474416,
45,2,,27-Sep-16,30-Dec-16,20-Jan-17,5.604255319,40.98100685,
46,2,,27-Sep-16,30-Dec-16,20-Jan-17,0.254042553,13.38215366,
47,3,,27-Sep-16,30-Dec-16,20-Jan-17,2.633617021,18.56469315,
48,3,,27-Sep-16,30-Dec-16,20-Jan-17,0.416170213,13.50816102,
49,3,,27-Sep-16,30-Dec-16,20-Jan-17,2.961702128,23.118826,
50,4,,27-Sep-16,30-Dec-16,20-Jan-17,2.359148936,16.40308249,
51,4,,27-Sep-16,30-Dec-16,20-Jan-17,2.869787234,35.40502362,
52,4,,27-Sep-16,30-Dec-16,20-Jan-17,0.477446809,10.32144158,
53,5,,27-Sep-16,30-Dec-16,20-Jan-17,1.009787234,11.19076621,Roots growing through capsules.
54,5,,27-Sep-16,30-Dec-16,20-Jan-17,0,4.027893981,Roots growing through capsules.
55,5,,27-Sep-16,30-Dec-16,20-Jan-17,1.073617021,19.92609216,Roots growing through capsules.
56,6,,27-Sep-16,30-Dec-16,20-Jan-17,1.295744681,22.52450665,
57,6,,27-Sep-16,30-Dec-16,20-Jan-17,0.275744681,38.20592673,
58,6,,27-Sep-16,30-Dec-16,20-Jan-17,0.667659574,14.04984637,
59,Blanks,,27-Sep-16,30-Dec-16,20-Jan-17,,,Blanks
60,Blanks,,27-Sep-16,30-Dec-16,20-Jan-17,,,Blanks
61,1,,30-Dec-16,28-Mar-17,14-Apr-17,0.09,14.43207475,
62,1,,30-Dec-16,28-Mar-17,14-Apr-17,0,9.073968611,
63,1,,30-Dec-16,28-Mar-17,14-Apr-17,0.909545455,12.77196553,
64,2,,30-Dec-16,28-Mar-17,14-Apr-17,0.811363636,22.44382323,
65,2,,30-Dec-16,28-Mar-17,14-Apr-17,2.074090909,17.11745881,
66,2,,30-Dec-16,28-Mar-17,14-Apr-17,0.414545455,12.10512111,
67,3,,30-Dec-16,28-Mar-17,14-Apr-17,0,5.166962017,
68,3,,30-Dec-16,28-Mar-17,14-Apr-17,1.330909091,9.154362813,
69,3,,30-Dec-16,28-Mar-17,14-Apr-17,0,15.59160145,Root growing through capsule.
70,4,,30-Dec-16,28-Mar-17,14-Apr-17,0.560454545,23.13346843,
71,4,,30-Dec-16,28-Mar-17,14-Apr-17,1.123636364,8.143572013,
72,4,,30-Dec-16,28-Mar-17,14-Apr-17,0,12.29809122,
73,5,,30-Dec-16,28-Mar-17,14-Apr-17,0,4.107343669,
74,5,,30-Dec-16,28-Mar-17,14-Apr-17,0,12.50450253,
75,5,,30-Dec-16,28-Mar-17,14-Apr-17,0.387272727,5.862702866,
76,6,,30-Dec-16,28-Mar-17,14-Apr-17,0,3.920535851,
77,6,,30-Dec-16,28-Mar-17,14-Apr-17,0,3.675274705,
78,6,,30-Dec-16,28-Mar-17,14-Apr-17,4.344545455,22.11183608,
79,Blanks,,30-Dec-16,28-Mar-17,14-Apr-17,,,Blanks
80,Blanks,,30-Dec-16,28-Mar-17,14-Apr-17,,,Blanks
81,1,,28-Mar-17,30-Jun-17,17-Aug-17,5.278723404,24.74144609,
82,1,,28-Mar-17,30-Jun-17,17-Aug-17,1.243404255,20.10093308,
83,1,,28-Mar-17,30-Jun-17,17-Aug-17,4.590638298,9.366113468,
84,2,,28-Mar-17,30-Jun-17,17-Aug-17,0.9,11.41129722,
85,2,,28-Mar-17,30-Jun-17,17-Aug-17,0.925531915,20.52019981,
86,2,,28-Mar-17,30-Jun-17,17-Aug-17,3.986808511,24.98425733,
87,3,,28-Mar-17,30-Jun-17,17-Aug-17,1.169361702,8.534562519,
88,3,,28-Mar-17,30-Jun-17,17-Aug-17,1.154042553,4.319386072,
89,3,,28-Mar-17,30-Jun-17,17-Aug-17,2.954042553,16.32646007,
90,4,,28-Mar-17,30-Jun-17,17-Aug-17,4.618723404,5.127353452,
91,4,,28-Mar-17,30-Jun-17,17-Aug-17,3.397021277,8.392154581,
92,4,,28-Mar-17,30-Jun-17,17-Aug-17,1.627659574,11.55664161,
93,5,,28-Mar-17,30-Jun-17,17-Aug-17,0.547659574,2.307009108,
94,5,,28-Mar-17,30-Jun-17,17-Aug-17,0.416170213,1.681237172,
95,5,,28-Mar-17,30-Jun-17,17-Aug-17,0,2.681878121,
96,6,,28-Mar-17,30-Jun-17,17-Aug-17,0.67787234,12.11440526,
97,6,,28-Mar-17,30-Jun-17,17-Aug-17,0.058723404,8.411153112,
98,6,,28-Mar-17,30-Jun-17,17-Aug-17,2.491914894,42.56757459,
99,Blanks,,28-Mar-17,30-Jun-17,17-Aug-17,,,Blanks
100,Blanks,,28-Mar-17,30-Jun-17,17-Aug-17,,,Blanks
101,Blanks,,28-Mar-17,30-Jun-17,17-Aug-17,,,Blanks
102,Blanks,,28-Mar-17,30-Jun-17,17-Aug-17,,,Blanks
103,1,,30-Jun-17,18-Sep-17,21-Feb-18,0,15.7540606,Sent to Sasha without extracting first in Sabana. Collected post H. Irma and pre H. Maria.
104,1,,30-Jun-17,18-Sep-17,21-Feb-18,0.8895,22.01888573,Sent to Sasha without extracting first in Sabana. Collected post H. Irma and pre H. Maria.
105,1,,30-Jun-17,18-Sep-17,21-Feb-18,1.638,16.12266372,Sent to Sasha without extracting first in Sabana. Collected post H. Irma and pre H. Maria.
106,2,,30-Jun-17,18-Sep-17,21-Feb-18,0.237,31.21540096,Sent to Sasha without extracting first in Sabana. Collected post H. Irma and pre H. Maria.
107,2,,30-Jun-17,18-Sep-17,21-Feb-18,0.5235,21.34756704,Sent to Sasha without extracting first in Sabana. Collected post H. Irma and pre H. Maria.
108,2,,30-Jun-17,18-Sep-17,21-Feb-18,3.066,58.29906081,Sent to Sasha without extracting first in Sabana. Collected post H. Irma and pre H. Maria.
109,3,,30-Jun-17,18-Sep-17,21-Feb-18,0.336,23.94614764,Sent to Sasha without extracting first in Sabana. Collected post H. Irma and pre H. Maria.
110,3,,30-Jun-17,18-Sep-17,21-Feb-18,1.773,25.18454804,Sent to Sasha without extracting first in Sabana. Collected post H. Irma and pre H. Maria.
111,3,,30-Jun-17,18-Sep-17,21-Feb-18,0,15.5378352,Sent to Sasha without extracting first in Sabana. Collected post H. Irma and pre H. Maria.
112,4,,30-Jun-17,18-Sep-17,21-Feb-18,3.4725,13.89758191,Sent to Sasha without extracting first in Sabana. Collected post H. Irma and pre H. Maria.
113,4,,30-Jun-17,18-Sep-17,21-Feb-18,97.707,13.59303047,Sent to Sasha without extracting first in Sabana. Collected post H. Irma and pre H. Maria.
114,4,,30-Jun-17,18-Sep-17,21-Feb-18,1.8975,10.72763588,Sent to Sasha without extracting first in Sabana. Collected post H. Irma and pre H. Maria.
115,5,,30-Jun-17,18-Sep-17,21-Feb-18,1.695,6.10000425,Found out of hole 18-Sept-17. Sent to Sasha without extracting first in Sabana. Collected post H. Irma and pre H. Maria.
116,5,,30-Jun-17,18-Sep-17,21-Feb-18,1.1115,22.40523565,Sent to Sasha without extracting first in Sabana. Collected post H. Irma and pre H. Maria.
117,5,,30-Jun-17,18-Sep-17,21-Feb-18,2.682,7.054455824,Sent to Sasha without extracting first in Sabana. Collected post H. Irma and pre H. Maria.
118,6,,30-Jun-17,18-Sep-17,21-Feb-18,0.015,13.56875611,Sent to Sasha without extracting first in Sabana. Collected post H. Irma and pre H. Maria.
119,6,,30-Jun-17,18-Sep-17,21-Feb-18,1.788,8.202286346,Found out of hole 18-Sept-17. Sent to Sasha without extracting first in Sabana. Collected post H. Irma and pre H. Maria.
120,6,,30-Jun-17,18-Sep-17,21-Feb-18,2.238,50.37847945,Sent to Sasha without extracting first in Sabana. Collected post H. Irma and pre H. Maria.
121,Blanks,,30-Jun-17,18-Sep-17,21-Feb-18,,,Blanks. Sent to Sasha without extracting first in Sabana. Collected post H. Irma and pre H. Maria.
122,Blanks,,30-Jun-17,18-Sep-17,21-Feb-18,,,Blanks. Sent to Sasha without extracting first in Sabana. Collected post H. Irma and pre H. Maria.
123,Blanks,,30-Jun-17,18-Sep-17,21-Feb-18,,,Blanks. Sent to Sasha without extracting first in Sabana. Collected post H. Irma and pre H. Maria.
124,Skipped,,,,,,,Skipped to even out tag #s
125,1,,18-Sep-17,19-Oct-17,27-Nov-17,3.863225806,139.7514647,Installed pre H. Maria and collected post H. Maria.
126,1,,18-Sep-17,19-Oct-17,27-Nov-17,0.363870968,224.1654211,Installed pre H. Maria and collected post H. Maria.
127,1,,18-Sep-17,19-Oct-17,27-Nov-17,2.907096774,99.41694397,Installed pre H. Maria and collected post H. Maria.
128,2,,18-Sep-17,19-Oct-17,27-Nov-17,0,121.7853592,Installed pre H. Maria and collected post H. Maria.
129,2,,18-Sep-17,19-Oct-17,27-Nov-17,3.20516129,62.77904337,Installed pre H. Maria and collected post H. Maria.
130,2,,18-Sep-17,19-Oct-17,27-Nov-17,5.663225806,105.0741089,Installed pre H. Maria and collected post H. Maria.
131,3,,18-Sep-17,19-Oct-17,27-Nov-17,11.00903226,75.41829914,Installed pre H. Maria and collected post H. Maria. Roots growing through capsule.
132,3,,18-Sep-17,19-Oct-17,27-Nov-17,0.348387097,72.4951761,Installed pre H. Maria and collected post H. Maria.
133,3,,18-Sep-17,19-Oct-17,27-Nov-17,3.170322581,227.0225241,Installed pre H. Maria and collected post H. Maria.
134,4,,18-Sep-17,19-Oct-17,27-Nov-17,20.32258065,92.94277733,Installed pre H. Maria and collected post H. Maria.
135,4,,18-Sep-17,19-Oct-17,27-Nov-17,0.956129032,61.39985998,Installed pre H. Maria and collected post H. Maria.
136,4,,18-Sep-17,19-Oct-17,27-Nov-17,0.270967742,91.25435821,Installed pre H. Maria and collected post H. Maria.
137,5,,18-Sep-17,19-Oct-17,27-Nov-17,5.276129032,82.9729661,Installed pre H. Maria and collected post H. Maria.
138,5,,18-Sep-17,19-Oct-17,27-Nov-17,0.576774194,46.74075263,Installed pre H. Maria and collected post H. Maria.
139,5,,18-Sep-17,19-Oct-17,27-Nov-17,0,224.1895477,Installed pre H. Maria and collected post H. Maria.
140,6,,18-Sep-17,19-Oct-17,27-Nov-17,6.809032258,71.06667377,Installed pre H. Maria and collected post H. Maria.
141,6,,18-Sep-17,19-Oct-17,27-Nov-17,3.518709677,133.8457126,Installed pre H. Maria and collected post H. Maria.
142,6,,18-Sep-17,19-Oct-17,27-Nov-17,1.076129032,77.97584703,Installed pre H. Maria and collected post H. Maria.
143,Blanks,,18-Sep-17,19-Oct-17,27-Nov-17,,,Blanks. 
144,Blanks,,18-Sep-17,19-Oct-17,27-Nov-17,,,Blanks.
145,1,,19-Oct-17,19-Jan-18,30-Jan-18,2.580652174,0,Roots growing through capsules.
146,1,,19-Oct-17,19-Jan-18,30-Jan-18,0.18326087,47.71385106,
147,1,,19-Oct-17,19-Jan-18,30-Jan-18,0.103695652,22.71418877,
148,2,,19-Oct-17,19-Jan-18,30-Jan-18,0.568043478,51.85384673,
149,2,,19-Oct-17,19-Jan-18,30-Jan-18,0.888913043,50.88657736,
150,2,,19-Oct-17,19-Jan-18,30-Jan-18,0.694565217,25.81586587,
151,3,,19-Oct-17,19-Jan-18,30-Jan-18,2.705869565,0,
152,3,,19-Oct-17,19-Jan-18,30-Jan-18,0.792391304,46.64656097,
153,3,,19-Oct-17,19-Jan-18,30-Jan-18,1.847608696,53.39278626,
154,4,,19-Oct-17,19-Jan-18,30-Jan-18,4.731521739,47.25375574,Roots growing through capsules.
155,4,,19-Oct-17,19-Jan-18,30-Jan-18,1.431521739,39.68563602,
156,4,,19-Oct-17,19-Jan-18,30-Jan-18,0.87326087,30.1353815,Roots growing through capsules.
157,5,,19-Oct-17,19-Jan-18,30-Jan-18,2.028913043,0,
158,5,,19-Oct-17,19-Jan-18,30-Jan-18,0.450652174,38.88909168,
159,5,,19-Oct-17,19-Jan-18,30-Jan-18,8.619782609,44.18415425,
160,6,,19-Oct-17,19-Jan-18,30-Jan-18,0.504130435,44.83532364,
161,6,,19-Oct-17,19-Jan-18,30-Jan-18,1.880217391,0,
162,6,,19-Oct-17,19-Jan-18,30-Jan-18,2.358913043,0,
163,Blank,,,,30-Jan-18,,,Blanks
164,Blank,,,,30-Jan-18,,,Blanks
165,1,,19-Jan-18,8-May-18,6-Jul-18,1.024954128,6.228971656,
166,1,,19-Jan-18,8-May-18,6-Jul-18,0.788256881,4.213489228,
167,1,,19-Jan-18,8-May-18,6-Jul-18,3.508623853,3.398388369,
168,2,,19-Jan-18,8-May-18,6-Jul-18,0.990825688,8.164690643,
169,2,,19-Jan-18,8-May-18,6-Jul-18,1.76587156,12.44411571,Was found outside of the soil and away from associated flag.
170,2,,19-Jan-18,8-May-18,6-Jul-18,0.804770642,3.031592982,
171,3,,19-Jan-18,8-May-18,6-Jul-18,0.67706422,3.374080896,
172,3,,19-Jan-18,8-May-18,6-Jul-18,0.186055046,3.04716723,Roots growing through capsules.
173,3,,19-Jan-18,8-May-18,6-Jul-18,1.000733945,9.290839813,
174,4,,19-Jan-18,8-May-18,6-Jul-18,1.35853211,6.881343451,
175,4,,19-Jan-18,8-May-18,6-Jul-18,1.174678899,16.42952225,
176,4,,19-Jan-18,8-May-18,6-Jul-18,1.459816514,7.242462243,
177,5,,19-Jan-18,8-May-18,6-Jul-18,0.204770642,5.903513527,
178,5,,19-Jan-18,8-May-18,6-Jul-18,0.337981651,0.397943884,
179,5,,19-Jan-18,8-May-18,6-Jul-18,0.961100917,6.611632399,Roots growing through capsules.
180,6,,19-Jan-18,8-May-18,6-Jul-18,0.859816514,12.8851435,
181,6,,19-Jan-18,8-May-18,6-Jul-18,1.038165138,8.771358569,
182,6,,19-Jan-18,8-May-18,6-Jul-18,0.416146789,6.864168112,
183,Blank,,,,6-Jul-18,,,Blanks
184,Blank,,,,6-Jul-18,,,Blanks
185,1,,8-May-18,10-Aug-18,15-Aug-18,0.823404255,4.322971952,
186,1,,8-May-18,10-Aug-18,15-Aug-18,1.460425532,2.167984021,
187,1,,8-May-18,10-Aug-18,15-Aug-18,3.962553191,0.726261989,
188,2,,8-May-18,10-Aug-18,15-Aug-18,0.104680851,4.157567177,
189,2,,8-May-18,10-Aug-18,15-Aug-18,0.181276596,5.36586594,
190,2,,8-May-18,10-Aug-18,15-Aug-18,0.389361702,0.381950007,
191,3,,8-May-18,10-Aug-18,15-Aug-18,0.157021277,0,
192,3,,8-May-18,10-Aug-18,15-Aug-18,0.187659574,0.112070174,
193,3,,8-May-18,10-Aug-18,15-Aug-18,0,0.496214326,
194,4,,8-May-18,10-Aug-18,15-Aug-18,0.082978723,0.746009293,
195,4,,8-May-18,10-Aug-18,15-Aug-18,0,1.509234186,
196,4,,8-May-18,10-Aug-18,15-Aug-18,0.224680851,2.606644237,
197,5,,8-May-18,10-Aug-18,15-Aug-18,0.407234043,0.994454017,
198,5,,8-May-18,10-Aug-18,15-Aug-18,0.274468085,1.55058538,
199,5,,8-May-18,10-Aug-18,15-Aug-18,0.397021277,2.810193379,
200,6,,8-May-18,10-Aug-18,15-Aug-18,0.039574468,7.492836328,Installed on Cycle 1 location by mistake. Left in place.
201,6,,8-May-18,10-Aug-18,15-Aug-18,0,4.404155317,Installed on Cycle 1 location by mistake. Left in place.
202,6,,8-May-18,10-Aug-18,15-Aug-18,0.057446809,7.459755373,Installed on Cycle 1 location by mistake. Left in place.
203,6,,11-May-18,10-Aug-18,15-Aug-18,10.42723404,7.48946072,Installed 3 days later due to mistake with location of Resins #200-202. 
204,6,,11-May-18,10-Aug-18,15-Aug-18,0.877021277,8.669741939,Installed 3 days later due to mistake with location of Resins #200-202. 
205,6,,11-May-18,10-Aug-18,15-Aug-18,0.033191489,1.85017056,Installed 3 days later due to mistake with location of Resins #200-202. 
206,Blank,,,,15-Aug-18,,,Blanks
207,Blank,,,,15-Aug-18,,,Blanks
208,1,,10-Aug-18,15-Nov-18,17-Dec-18,N/A,N/A,No sample
209,1,,10-Aug-18,15-Nov-18,17-Dec-18,1.080618557,0.214591207,
210,1,,10-Aug-18,15-Nov-18,17-Dec-18,N/A,N/A,No sample
211,2,,10-Aug-18,15-Nov-18,17-Dec-18,0,2.773002534,
212,2,,10-Aug-18,15-Nov-18,17-Dec-18,0.197319588,1.488072258,
213,2,,10-Aug-18,15-Nov-18,17-Dec-18,0.047628866,3.477129933,
214,3,,10-Aug-18,15-Nov-18,17-Dec-18,0.135463918,4.733110023,
215,3,,10-Aug-18,15-Nov-18,17-Dec-18,0.155257732,3.236532626,
216,3,,10-Aug-18,15-Nov-18,17-Dec-18,0.766391753,6.694853116,
217,4,,10-Aug-18,15-Nov-18,17-Dec-18,0.11443299,5.493502189,
218,4,,10-Aug-18,15-Nov-18,17-Dec-18,0.95443299,7.861038563,
219,4,,10-Aug-18,15-Nov-18,17-Dec-18,0.236907216,1.831385477,
220,5,,10-Aug-18,15-Nov-18,17-Dec-18,0,0.355743807,
221,5,,10-Aug-18,15-Nov-18,17-Dec-18,1.418350515,19.25759811,
222,5,,10-Aug-18,15-Nov-18,17-Dec-18,1.01628866,34.24414425,
223,6,,10-Aug-18,15-Nov-18,17-Dec-18,0.350721649,6.649874014,Note that there were resins in Cycle 1 for Plot 6 immediately preceding these because in May resins were in both Cycle 1 and Cycle 2 for P6. 
224,6,,10-Aug-18,15-Nov-18,17-Dec-18,N/A,N/A,Note that there were resins in Cycle 1 for Plot 6 immediately preceding these because in May resins were in both Cycle 1 and Cycle 2 for P6. No sample
225,6,,10-Aug-18,15-Nov-18,17-Dec-18,0.642680412,2.692694392,Note that there were resins in Cycle 1 for Plot 6 immediately preceding these because in May resins were in both Cycle 1 and Cycle 2 for P6. 
226,Blank,,,,17-Dec-18,,,
227,Blank,,,,17-Dec-18,,,
228,1,,,15-Nov-18,17-Dec-18,1.189484536,2.230799904,This resin was installed to replace #208 from Plot 1. #208 had been removed from its location and had a hole chewed through it. 
229,1,A,15-Nov-18,13-Feb-19,17-Apr-19,2.410666667,0.350786537,
230,1,B,15-Nov-18,13-Feb-19,17-Apr-19,0.025333333,0.57588253,
231,1,C,15-Nov-18,13-Feb-19,17-Apr-19,0.469333333,0.804164594,
232,2,A,15-Nov-18,13-Feb-19,17-Apr-19,0.282666667,3.357642068,
233,2,B,15-Nov-18,13-Feb-19,17-Apr-19,0.956,5.546314287,
234,2,C,15-Nov-18,13-Feb-19,17-Apr-19,0.332,0.395072939,
235,3,A,15-Nov-18,13-Feb-19,17-Apr-19,0.478666667,11.21194697,
236,3,B,15-Nov-18,13-Feb-19,17-Apr-19,0.592,6.259516524,
237,3,C,15-Nov-18,13-Feb-19,17-Apr-19,0.590666667,5.72059243,
238,4,A,15-Nov-18,13-Feb-19,17-Apr-19,0.545333333,0.904525865,
239,4,B,15-Nov-18,13-Feb-19,17-Apr-19,0.258666667,1.039137411,
240,4,C,15-Nov-18,13-Feb-19,17-Apr-19,0.438666667,1.075299329,
241,5,A,15-Nov-18,13-Feb-19,17-Apr-19,1.344,13.79983403,
242,5,B,15-Nov-18,13-Feb-19,17-Apr-19,7.813333333,27.87844936,
243,5,C,15-Nov-18,13-Feb-19,17-Apr-19,5.213333333,7.112268717,
244,6,A,15-Nov-18,13-Feb-19,17-Apr-19,0.214666667,2.692230913,
245,6,B,15-Nov-18,13-Feb-19,17-Apr-19,0.632,3.494005953,
246,6,C,15-Nov-18,13-Feb-19,17-Apr-19,0.690666667,5.605575228,
247,Blank,,,,17-Apr-19,,,
248,Blank,,,,17-Apr-19,,,
249,1,A,13-Feb-19,16-May-19,17-May-19,0.383478261,0.580973319,
250,1,B,13-Feb-19,16-May-19,17-May-19,0.410869565,0.876758554,
251,1,C,13-Feb-19,16-May-19,17-May-19,0.336521739,1.16615433,
252,2,A,13-Feb-19,16-May-19,17-May-19,0.418695652,1.035871687,
253,2,B,13-Feb-19,16-May-19,17-May-19,0.242608696,2.019692653,
254,2,C,13-Feb-19,16-May-19,17-May-19,0.494347826,1.767231071,
255,3,A,13-Feb-19,16-May-19,17-May-19,0.763043478,1.85091741,
256,3,B,13-Feb-19,16-May-19,17-May-19,0.280434783,2.85234835,
257,3,C,13-Feb-19,16-May-19,17-May-19,1.476521739,6.084791638,
258,4,A,13-Feb-19,16-May-19,17-May-19,0.380869565,7.954254065,
259,4,B,13-Feb-19,16-May-19,17-May-19,0.969130435,1.651597433,
260,4,C,13-Feb-19,16-May-19,17-May-19,0.139565217,0.770631186,
261,5,A,13-Feb-19,16-May-19,17-May-19,0.470869565,1.151661165,
262,5,B,13-Feb-19,16-May-19,17-May-19,0.502173913,20.32985846,
263,5,C,13-Feb-19,16-May-19,17-May-19,0.824347826,24.70523584,
264,6,A,13-Feb-19,16-May-19,17-May-19,0.464347826,1.746348446,
265,6,B,13-Feb-19,16-May-19,17-May-19,0.928695652,6.692413679,
266,6,C,13-Feb-19,16-May-19,17-May-19,0.25826087,0.693490147,
267,Blank,,,,17-May-19,0,0,
268,1,A,16-May-19,15-Aug-19,9-Oct-19,0.404175824,3.315860759,
269,1,B,16-May-19,15-Aug-19,9-Oct-19,0.313186813,1.27807006,
270,1,C,16-May-19,15-Aug-19,9-Oct-19,0.646813187,2.865731794,
271,2,A,16-May-19,15-Aug-19,9-Oct-19,0.649450549,2.805546542,
272,2,B,16-May-19,15-Aug-19,9-Oct-19,0,3.835943262,
273,2,C,16-May-19,15-Aug-19,9-Oct-19,0.508351648,4.48427392,
274,3,A,16-May-19,15-Aug-19,9-Oct-19,0.529450549,4.212967627,
275,3,B,16-May-19,15-Aug-19,9-Oct-19,0.412087912,2.864156264,
276,3,C,16-May-19,15-Aug-19,9-Oct-19,1.990549451,7.775083749,
277,4,A,16-May-19,15-Aug-19,9-Oct-19,0.612527473,2.703294635,
278,4,B,16-May-19,15-Aug-19,9-Oct-19,0.33956044,1.365827089,
279,4,C,16-May-19,15-Aug-19,9-Oct-19,4.55010989,7.833693471,
280,5,A,16-May-19,15-Aug-19,9-Oct-19,0.487252747,6.488033167,
281,5,B,16-May-19,15-Aug-19,9-Oct-19,10.20857143,15.61303115,
282,5,C,16-May-19,15-Aug-19,9-Oct-19,1.133406593,5.857506,
283,6,A,16-May-19,15-Aug-19,9-Oct-19,0.305274725,5.535782743,
284,6,B,16-May-19,15-Aug-19,9-Oct-19,1.641098901,14.74522914,
285,6,C,16-May-19,15-Aug-19,9-Oct-19,0.93032967,7.90679807,
286,Blank,,,,9-Oct-19,,,
287,Blank,,,,9-Oct-19,,,
288,1,C,15-Aug-19,5-Dec-19,9-Dec-19,0.334285714,2.423519869,
289,2,A,15-Aug-19,5-Dec-19,9-Dec-19,0.366428571,3.980271671,
290,2,B,15-Aug-19,5-Dec-19,9-Dec-19,0.683571429,4.850368045,
291,2,C,15-Aug-19,5-Dec-19,9-Dec-19,0.197142857,1.800230293,
292,4,A,15-Aug-19,5-Dec-19,9-Dec-19,0.853928571,5.473529608,
293,4,B,15-Aug-19,5-Dec-19,9-Dec-19,0.768214286,9.548274006,
294,4,C,15-Aug-19,5-Dec-19,9-Dec-19,1.316785714,10.71817407,
295,5,A,15-Aug-19,5-Dec-19,9-Dec-19,0.9675,7.740747039,
296,5,B,15-Aug-19,5-Dec-19,9-Dec-19,1.048928571,26.42688914,
297,5,C,15-Aug-19,5-Dec-19,9-Dec-19,1.292142857,22.0431242,
298,3,B,15-Aug-19,5-Dec-19,9-Dec-19,0.805714286,7.213850367,
299,3,A,15-Aug-19,5-Dec-19,9-Dec-19,0.248571429,12.1204156,
300,3,C,15-Aug-19,5-Dec-19,9-Dec-19,1.090714286,19.16605843,
301,6,A,15-Aug-19,5-Dec-19,9-Dec-19,0.620357143,8.452364773,
302,6,B,15-Aug-19,5-Dec-19,9-Dec-19,0.786428571,23.34244422,
303,6,C,15-Aug-19,5-Dec-19,9-Dec-19,1.247142857,21.61671681,
304,1,A,15-Aug-19,5-Dec-19,9-Dec-19,0.558214286,3.201191705,
305,1,B,15-Aug-19,5-Dec-19,9-Dec-19,0,2.572653645,
306,Blank,,,,9-Dec-19,,,
307,Blank,,,,9-Dec-19,,,
308,1,A,5-Dec-19,28-Feb-20,2-Mar-20,0,5.156521042,
309,1,B,5-Dec-19,28-Feb-20,2-Mar-20,0,1.905777018,
310,1,C,5-Dec-19,28-Feb-20,2-Mar-20,0.160941176,1.256253506,
311,2,A,5-Dec-19,28-Feb-20,2-Mar-20,0.366117647,11.61013507,
312,2,B,5-Dec-19,28-Feb-20,2-Mar-20,0.317176471,5.632134829,
313,2,C,5-Dec-19,28-Feb-20,2-Mar-20,0,4.771770202,
314,3,A,5-Dec-19,28-Feb-20,2-Mar-20,0.206117647,20.65773965,
315,3,B,5-Dec-19,28-Feb-20,2-Mar-20,0.114823529,23.9753119,
316,3,C,5-Dec-19,28-Feb-20,2-Mar-20,0.498823529,32.14027578,
317,4,A,5-Dec-19,28-Feb-20,2-Mar-20,0.548705882,6.214830109,
318,4,B,5-Dec-19,28-Feb-20,2-Mar-20,0.003764706,7.500785052,
319,4,C,5-Dec-19,28-Feb-20,2-Mar-20,0.293647059,16.58727507,
320,5,A,5-Dec-19,28-Feb-20,2-Mar-20,0,6.172427401,
321,5,B,5-Dec-19,28-Feb-20,2-Mar-20,0.001882353,4.229523588,
322,5,C,5-Dec-19,28-Feb-20,2-Mar-20,1.076705882,24.74872167,
323,6,A,5-Dec-19,28-Feb-20,2-Mar-20,0.513882353,4.68110266,
324,6,B,5-Dec-19,28-Feb-20,2-Mar-20,0.255058824,8.41488583,
325,6,C,5-Dec-19,28-Feb-20,2-Mar-20,0.090352941,13.75274196,
326,Blank,,,,2-Mar-20,,,
327,Blank,,,,2-Mar-20,,,
328,1,A,28-Feb-20,28-May-20,30-Jun-20,0.186666667,3.30433905,
329,1,B,28-Feb-20,28-May-20,30-Jun-20,0.249777778,7.209936778,
330,1,C,28-Feb-20,28-May-20,30-Jun-20,0.242666667,5.408375325,
331,2,A,28-Feb-20,28-May-20,30-Jun-20,0.330666667,3.356750795,
332,2,B,28-Feb-20,28-May-20,30-Jun-20,0.127111111,3.758697204,
333,2,C,28-Feb-20,28-May-20,30-Jun-20,1.223111111,3.718465653,
334,3,A,28-Feb-20,28-May-20,30-Jun-20,0.544888889,15.75840308,
335,3,B,28-Feb-20,28-May-20,30-Jun-20,0.184888889,4.060987478,
336,3,C,28-Feb-20,28-May-20,30-Jun-20,0.226666667,15.17135463,
337,4,A,28-Feb-20,28-May-20,30-Jun-20,2.168888889,7.58733825,
338,4,B,28-Feb-20,28-May-20,30-Jun-20,0.140444444,10.9145613,
339,4,C,28-Feb-20,28-May-20,30-Jun-20,0.045333333,2.573896494,
340,5,A,28-Feb-20,28-May-20,30-Jun-20,0,2.524991169,
341,5,B,28-Feb-20,28-May-20,30-Jun-20,1.549333333,2.264593381,
342,5,C,28-Feb-20,28-May-20,30-Jun-20,0.195555556,3.337557761,
343,6,A,28-Feb-20,28-May-20,30-Jun-20,0.132444444,5.596983787,
344,6,B,28-Feb-20,28-May-20,30-Jun-20,0.072888889,6.760745979,
345,6,C,28-Feb-20,28-May-20,30-Jun-20,0.172444444,7.990945594,
346,Blank,,,,30-Jun-20,,,
347,Blank,,,,30-Jun-20,,,
348,1,A,28-May-20,2-Sep-20,9-Sep-20,0.131134021,2.418972871,
349,1,B,28-May-20,2-Sep-20,9-Sep-20,0,1.331145686,
350,1,C,28-May-20,2-Sep-20,9-Sep-20,0.000824742,1.687818758,
351,2,A,28-May-20,2-Sep-20,9-Sep-20,0.550927835,1.251694747,
352,2,B,28-May-20,2-Sep-20,9-Sep-20,0.038762887,0.821906263,
353,2,C,28-May-20,2-Sep-20,9-Sep-20,0.016494845,1.530457955,
354,3,A,28-May-20,2-Sep-20,9-Sep-20,0,2.754584596,
355,3,B,28-May-20,2-Sep-20,9-Sep-20,0.368659794,9.907908774,
356,3,C,28-May-20,2-Sep-20,9-Sep-20,0.490721649,7.630029811,
357,4,A,28-May-20,2-Sep-20,9-Sep-20,0.459381443,0.36317983,
358,4,B,28-May-20,2-Sep-20,9-Sep-20,0.04371134,1.593813229,
359,4,C,28-May-20,2-Sep-20,9-Sep-20,0.59628866,8.024031126,
360,5,A,28-May-20,2-Sep-20,9-Sep-20,0,0.834919779,
361,5,B,28-May-20,2-Sep-20,9-Sep-20,0.048659794,1.245187989,
362,5,C,28-May-20,2-Sep-20,9-Sep-20,0.748041237,2.380103554,
363,6,A,28-May-20,2-Sep-20,9-Sep-20,0.081649485,0.839885463,
364,6,B,28-May-20,2-Sep-20,9-Sep-20,0.028865979,4.541374566,
365,6,C,28-May-20,2-Sep-20,9-Sep-20,0.13443299,18.31789338,
366,Blank,Blank,,,9-Sep-20,,,
367,Blank,Blank,,,9-Sep-20,,,
368,1,A,2-Sep-20,2-Dec-20,7-Dec-20,0,2.307240285,
369,1,B,2-Sep-20,2-Dec-20,7-Dec-20,0.128351648,2.383168768,
370,1,C,2-Sep-20,2-Dec-20,7-Dec-20,0,1.401574096,
371,2,A,2-Sep-20,2-Dec-20,7-Dec-20,0.000879121,5.29363895,
372,2,B,2-Sep-20,2-Dec-20,7-Dec-20,0.19956044,3.522096019,
373,2,C,2-Sep-20,2-Dec-20,7-Dec-20,0.057142857,1.434427766,
374,3,A,2-Sep-20,2-Dec-20,7-Dec-20,0.085274725,9.308357509,
375,3,B,2-Sep-20,2-Dec-20,7-Dec-20,0.047472527,5.755050503,
376,3,C,2-Sep-20,2-Dec-20,7-Dec-20,0.023736264,10.86708166,
377,4,A,2-Sep-20,2-Dec-20,7-Dec-20,0.356923077,0.575486798,
378,4,B,2-Sep-20,2-Dec-20,7-Dec-20,0.195164835,21.53904903,
379,4,C,2-Sep-20,2-Dec-20,7-Dec-20,0.158241758,20.05625336,
380,5,A,2-Sep-20,2-Dec-20,7-Dec-20,0.036043956,2.692540834,
381,5,B,2-Sep-20,2-Dec-20,7-Dec-20,0.224175824,28.76138097,
382,5,C,2-Sep-20,2-Dec-20,7-Dec-20,0.553846154,10.45933111,
383,6,A,2-Sep-20,2-Dec-20,7-Dec-20,0.523076923,5.996890024,
384,6,B,2-Sep-20,2-Dec-20,7-Dec-20,0.118681319,6.575844709,
385,6,C,2-Sep-20,2-Dec-20,7-Dec-20,0.092307692,5.447321121,
386,Blank,,,,7-Dec-20,,,
387,Blank,,,,7-Dec-20,,,
388,1,A,2-Dec-20,1-Mar-21,2-Mar-21,0.160898876,4.999778699,
389,1,B,2-Dec-20,1-Mar-21,2-Mar-21,0.221123596,3.056050663,
390,1,C,2-Dec-20,1-Mar-21,2-Mar-21,0.222921348,5.08820111,
391,2,A,2-Dec-20,1-Mar-21,2-Mar-21,0.061123596,3.114346854,
392,2,B,2-Dec-20,1-Mar-21,2-Mar-21,0.256179775,6.463639096,
393,2,C,2-Dec-20,1-Mar-21,2-Mar-21,1.79505618,1.895604335,
394,3,A,2-Dec-20,1-Mar-21,2-Mar-21,0.189662921,2.991885728,
395,3,B,2-Dec-20,1-Mar-21,2-Mar-21,0.127640449,5.44952012,
396,3,C,2-Dec-20,1-Mar-21,2-Mar-21,0.299325843,5.979663335,
397,4,A,2-Dec-20,1-Mar-21,2-Mar-21,0.268764045,1.602362756,
398,4,B,2-Dec-20,1-Mar-21,2-Mar-21,0.218426966,5.835096606,
399,4,C,2-Dec-20,1-Mar-21,2-Mar-21,0.156404494,10.89904024,
400,5,A,2-Dec-20,1-Mar-21,2-Mar-21,0.246292135,3.795121166,
401,5,B,2-Dec-20,1-Mar-21,2-Mar-21,1.230561798,0.0985949,"had been dug out and punctured by something. Seemed chewed out, the insides came out. Definitely not a good sample."
402,5,C,2-Dec-20,1-Mar-21,2-Mar-21,0.485393258,6.112101326,
403,6,A,2-Dec-20,1-Mar-21,2-Mar-21,5.20988764,4.859320091,
404,6,B,2-Dec-20,1-Mar-21,2-Mar-21,0.16988764,1.692741415,
405,6,C,2-Dec-20,1-Mar-21,2-Mar-21,0.504269663,8.294687246,
406,Blank,,,,2-Mar-21,,,
407,Blank,,,,2-Mar-21,,,
408,1,A,1-Mar-21,4-Jun-21,8-Jun-21,0.302315789,6.713713488,
409,1,B,1-Mar-21,4-Jun-21,8-Jun-21,0.32,2.949723435,
410,1,C,1-Mar-21,4-Jun-21,8-Jun-21,0.521263158,2.413476726,
411,2,A,1-Mar-21,4-Jun-21,8-Jun-21,0.206315789,1.988474636,
412,2,B,1-Mar-21,4-Jun-21,8-Jun-21,0.176842105,4.958724261,
413,2,C,1-Mar-21,4-Jun-21,8-Jun-21,1.414736842,3.737782507,
414,3,A,1-Mar-21,4-Jun-21,8-Jun-21,0.142315789,3.220595832,
415,3,B,1-Mar-21,4-Jun-21,8-Jun-21,0.171789474,1.755172497,
416,3,C,1-Mar-21,4-Jun-21,8-Jun-21,0.120421053,3.203551764,
417,4,A,1-Mar-21,4-Jun-21,8-Jun-21,1.628631579,12.13116144,
418,4,B,1-Mar-21,4-Jun-21,8-Jun-21,0.276210526,5.42514527,
419,4,C,1-Mar-21,4-Jun-21,8-Jun-21,0.561684211,4.170481919,was completely unburied.
420,5,A,1-Mar-21,4-Jun-21,8-Jun-21,0.064,0.950069356,
421,5,B,1-Mar-21,4-Jun-21,8-Jun-21,0.320842105,3.877067366,
422,5,C,1-Mar-21,4-Jun-21,8-Jun-21,0.171789474,7.494441778,
423,6,A,1-Mar-21,4-Jun-21,8-Jun-21,0.790736842,4.275861911,
424,6,B,1-Mar-21,4-Jun-21,8-Jun-21,0.753684211,7.437994756,
425,6,C,1-Mar-21,4-Jun-21,8-Jun-21,3.248842105,32.75356774,
426,Blank,,,,8-Jun-21,,,
427,Blank,,,,8-Jun-21,,,
428,1,A,4-Jun-21,9-Sep-21,10-Sep-21,0.88742268,4.099210846,
429,1,B,4-Jun-21,9-Sep-21,10-Sep-21,0.257319588,1.811062153,
430,1,C,4-Jun-21,9-Sep-21,10-Sep-21,0.848659794,3.705049054,
431,2,A,4-Jun-21,9-Sep-21,10-Sep-21,0.089896907,1.168126114,
432,2,B,4-Jun-21,9-Sep-21,10-Sep-21,0.166597938,3.522506912,
433,2,C,4-Jun-21,9-Sep-21,10-Sep-21,0.057731959,3.20947496,
434,3,A,4-Jun-21,9-Sep-21,10-Sep-21,0.315051546,7.59964039,
435,3,B,4-Jun-21,9-Sep-21,10-Sep-21,0.333195876,6.252920932,
436,3,C,4-Jun-21,9-Sep-21,10-Sep-21,0.296907216,6.625005357,
437,4,A,4-Jun-21,9-Sep-21,10-Sep-21,0.080824742,3.073061954,
438,4,B,4-Jun-21,9-Sep-21,10-Sep-21,0.083298969,3.017778788,
439,4,C,4-Jun-21,9-Sep-21,10-Sep-21,0.494845361,16.03732332,
440,5,A,4-Jun-21,9-Sep-21,10-Sep-21,0.343092784,7.026705763,
441,5,B,4-Jun-21,9-Sep-21,10-Sep-21,0.230103093,0.624627977,
442,5,C,4-Jun-21,9-Sep-21,10-Sep-21,0.760412371,6.042916699,
443,6,A,4-Jun-21,9-Sep-21,10-Sep-21,0.113814433,1.121996979,
444,6,B,4-Jun-21,9-Sep-21,10-Sep-21,0.268041237,4.677709688,
445,6,C,4-Jun-21,9-Sep-21,10-Sep-21,0.233402062,7.509356519,
446,Blank,,,,10-Sep-21,,,
447,Blank,,,,10-Sep-21,,,
448,1,A,9-Sep-21,13-Dec-21,16-Dec-21,0.183157895,3.038059359,
449,1,B,9-Sep-21,13-Dec-21,16-Dec-21,0.248842105,0.788242342,
450,1,C,9-Sep-21,13-Dec-21,16-Dec-21,0.147789474,3.27887555,
451,2,A,9-Sep-21,13-Dec-21,16-Dec-21,0.238736842,1.568970632,
452,2,B,9-Sep-21,13-Dec-21,16-Dec-21,0.305263158,4.806243994,
453,2,C,9-Sep-21,13-Dec-21,16-Dec-21,0.087157895,1.813452214,
454,3,A,9-Sep-21,13-Dec-21,16-Dec-21,0.157894737,8.82241295,
455,3,B,9-Sep-21,13-Dec-21,16-Dec-21,0.018105263,8.098131681,
456,3,C,9-Sep-21,13-Dec-21,16-Dec-21,0.382736842,3.395434985,
457,4,A,9-Sep-21,13-Dec-21,16-Dec-21,0.216,6.91311076,
458,4,B,9-Sep-21,13-Dec-21,16-Dec-21,0.493894737,25.63171296,
459,4,C,9-Sep-21,13-Dec-21,16-Dec-21,0.846736842,9.463856381,
460,5,A,9-Sep-21,13-Dec-21,16-Dec-21,0.449263158,5.334793381,
461,5,B,9-Sep-21,13-Dec-21,16-Dec-21,0.830736842,12.08241174,
462,5,C,9-Sep-21,13-Dec-21,16-Dec-21,0.274105263,7.387045821,
463,6,A,9-Sep-21,13-Dec-21,16-Dec-21,0.366736842,2.24047027,
464,6,B,9-Sep-21,13-Dec-21,16-Dec-21,0.238736842,7.355156919,
465,6,C,9-Sep-21,13-Dec-21,16-Dec-21,0.051789474,5.080965052,
466,Blank,,,,16-Dec-21,,,
467,Blank,,,,16-Dec-21,,,
468,1,A,13-Dec-21,15-Mar-22,15-Mar-22,0.683478261,1.138241015,
469,1,B,13-Dec-21,15-Mar-22,15-Mar-22,0.104347826,0.317882485,
470,1,C,13-Dec-21,15-Mar-22,15-Mar-22,0.077391304,1.874166038,
471,2,A,13-Dec-21,15-Mar-22,15-Mar-22,0.014782609,2.906704037,
472,2,B,13-Dec-21,15-Mar-22,15-Mar-22,0.235652174,1.519029685,
473,2,C,13-Dec-21,15-Mar-22,15-Mar-22,-0.004347826,1.492088306,
474,3,A,13-Dec-21,15-Mar-22,15-Mar-22,0.093043478,2.009646367,
475,3,B,13-Dec-21,15-Mar-22,15-Mar-22,-0.033913043,5.903255637,
476,3,C,13-Dec-21,15-Mar-22,15-Mar-22,0.129565217,4.976807373,
477,4,A,13-Dec-21,15-Mar-22,15-Mar-22,0.16173913,2.29207967,
478,4,B,13-Dec-21,15-Mar-22,15-Mar-22,0.196521739,4.199890204,
479,4,C,13-Dec-21,15-Mar-22,15-Mar-22,1.139130435,21.47859506,
480,5,A,13-Dec-21,15-Mar-22,15-Mar-22,0.444347826,10.08419664,
481,5,B,13-Dec-21,15-Mar-22,15-Mar-22,0.623478261,7.412359551,
482,5,C,13-Dec-21,15-Mar-22,15-Mar-22,0.093043478,3.471441736,
483,6,A,13-Dec-21,15-Mar-22,15-Mar-22,2.002608696,1.581549152,
484,6,B,13-Dec-21,15-Mar-22,15-Mar-22,0.259130435,2.534809888,
485,6,C,13-Dec-21,15-Mar-22,15-Mar-22,2.873913043,21.41091935,
486,Blank,,,,,,,
487,Blank,,,,,,,
488,1,A,15-Mar-22,22-Jun-22,22-Jun-22,0.516363636,1.134905081,sample thawed after hurricane fiona due to island-wide power outage
489,1,B,15-Mar-22,22-Jun-22,22-Jun-22,2.492929293,8.252678997,sample thawed after hurricane fiona due to island-wide power outage
490,1,C,15-Mar-22,22-Jun-22,22-Jun-22,0.292525253,1.353404856,sample thawed after hurricane fiona due to island-wide power outage
491,2,A,15-Mar-22,22-Jun-22,22-Jun-22,1.41010101,1.929362596,sample thawed after hurricane fiona due to island-wide power outage
492,2,B,15-Mar-22,22-Jun-22,22-Jun-22,0.053333333,1.595623356,sample thawed after hurricane fiona due to island-wide power outage
493,2,C,15-Mar-22,22-Jun-22,22-Jun-22,0.081616162,4.667677483,sample thawed after hurricane fiona due to island-wide power outage
494,3,A,15-Mar-22,22-Jun-22,22-Jun-22,0.593131313,5.055921874,sample thawed after hurricane fiona due to island-wide power outage
495,3,B,15-Mar-22,22-Jun-22,22-Jun-22,0.093737374,3.334158023,sample thawed after hurricane fiona due to island-wide power outage
496,3,C,15-Mar-22,22-Jun-22,22-Jun-22,1.368888889,7.522309958,sample thawed after hurricane fiona due to island-wide power outage
497,4,A,15-Mar-22,22-Jun-22,22-Jun-22,0.426666667,5.936988675,sample thawed after hurricane fiona due to island-wide power outage
498,4,B,15-Mar-22,22-Jun-22,22-Jun-22,0.028282828,0.55655151,sample thawed after hurricane fiona due to island-wide power outage
499,4,C,15-Mar-22,22-Jun-22,22-Jun-22,0.03959596,1.081478052,sample thawed after hurricane fiona due to island-wide power outage
500,5,A,15-Mar-22,22-Jun-22,22-Jun-22,0.648888889,0.788108563,sample thawed after hurricane fiona due to island-wide power outage
501,5,B,15-Mar-22,22-Jun-22,22-Jun-22,0.074343434,2.200091483,sample thawed after hurricane fiona due to island-wide power outage
502,5,C,15-Mar-22,22-Jun-22,22-Jun-22,1.316363636,1.877013691,sample thawed after hurricane fiona due to island-wide power outage
503,6,A,15-Mar-22,22-Jun-22,22-Jun-22,8.162424242,1.388982944,sample thawed after hurricane fiona due to island-wide power outage
504,6,B,15-Mar-22,22-Jun-22,22-Jun-22,0.075959596,2.054065592,sample thawed after hurricane fiona due to island-wide power outage
505,6,C,15-Mar-22,22-Jun-22,22-Jun-22,0.433131313,3.891068908,sample thawed after hurricane fiona due to island-wide power outage
506,Blank,,,,,,,sample thawed after hurricane fiona due to island-wide power outage
507,Blank,,,,,,,sample thawed after hurricane fiona due to island-wide power outage
508,1,A,22-Jun-22,5-Oct-22,5-Oct-22,0.809142857,6.661460548,
509,1,B,22-Jun-22,5-Oct-22,5-Oct-22,0.083809524,7.937753876,
510,1,C,22-Jun-22,5-Oct-22,5-Oct-22,0.444952381,6.201317272,
511,2,A,22-Jun-22,5-Oct-22,5-Oct-22,0.262857143,3.987795445,
512,2,B,22-Jun-22,5-Oct-22,5-Oct-22,0.864,2.81891406,
513,2,C,22-Jun-22,5-Oct-22,5-Oct-22,0.253714286,5.714179827,
514,3,A,22-Jun-22,5-Oct-22,5-Oct-22,0.012952381,2.875951948,
515,3,B,22-Jun-22,5-Oct-22,5-Oct-22,0.713904762,13.23809841,sample ripped open during shaking
516,3,C,22-Jun-22,5-Oct-22,5-Oct-22,0.533333333,10.65625866,
517,4,A,22-Jun-22,5-Oct-22,5-Oct-22,0.024380952,3.25443504,
518,4,B,22-Jun-22,5-Oct-22,5-Oct-22,0.65447619,6.045677253,
519,4,C,22-Jun-22,5-Oct-22,5-Oct-22,1.140571429,12.65134232,
520,5,A,22-Jun-22,5-Oct-22,5-Oct-22,0.582857143,14.00839226,
521,5,B,22-Jun-22,5-Oct-22,5-Oct-22,0.841142857,6.865215695,
522,5,C,22-Jun-22,5-Oct-22,5-Oct-22,0.316190476,11.50934216,
523,6,A,22-Jun-22,5-Oct-22,5-Oct-22,0.396952381,6.613232472,
524,6,B,22-Jun-22,5-Oct-22,5-Oct-22,0.92647619,11.30558701,
525,6,C,22-Jun-22,5-Oct-22,5-Oct-22,0.451809524,16.09417181,
526,Blank,,,,,,,
527,Blank,,,,,,,
528,1,A,5-Oct-22,24-Jan-23,25-Jan-23,0.393513514,8.736183567,
529,1,B,5-Oct-22,24-Jan-23,25-Jan-23,0.238558559,6.962193841,
530,1,C,5-Oct-22,24-Jan-23,25-Jan-23,0.4,11.15624146,
531,2,A,5-Oct-22,24-Jan-23,25-Jan-23,0.235675676,6.497328188,
532,2,B,5-Oct-22,24-Jan-23,25-Jan-23,0.301261261,11.0788885,
533,2,C,5-Oct-22,24-Jan-23,25-Jan-23,0.227027027,4.959457306,
534,3,A,5-Oct-22,24-Jan-23,25-Jan-23,0.198918919,3.509516655,
535,3,B,5-Oct-22,24-Jan-23,25-Jan-23,0.278198198,11.43370781,
536,3,C,5-Oct-22,24-Jan-23,25-Jan-23,0.977297297,22.6347157,
537,4,A,5-Oct-22,24-Jan-23,25-Jan-23,0.021621622,18.398359,
538,4,B,5-Oct-22,24-Jan-23,25-Jan-23,0.554234234,15.65959409,
539,4,C,5-Oct-22,24-Jan-23,25-Jan-23,0.332972973,7.754420643,
540,5,A,5-Oct-22,24-Jan-23,25-Jan-23,0.681801802,4.309222334,
541,5,B,5-Oct-22,24-Jan-23,25-Jan-23,0.474234234,11.94419462,
542,5,C,5-Oct-22,24-Jan-23,25-Jan-23,0.386306306,19.07306059,
543,6,A,5-Oct-22,24-Jan-23,25-Jan-23,0.434594595,6.330976585,
544,6,B,5-Oct-22,24-Jan-23,25-Jan-23,0.704864865,8.129326084,
545,6,C,5-Oct-22,24-Jan-23,25-Jan-23,0.321441441,7.301093829,
546,Blank,,,,,,,capsule was frozen and had to be thawed before extraction
547,Blank,,,,,,,capsule was frozen and had to be thawed before extraction
548,1,A,24-Jan-23,24-apr-23,25-apr-23,0.904,3.320065381,
549,1,B,24-Jan-23,24-apr-23,25-apr-23,0.56,3.434386918,
551,,,24-Jan-23,24-apr-23,25-apr-23,0.400888889,5.443682738,Two vials were labeled identically as 551
551,,,24-Jan-23,24-apr-23,25-apr-23,0.315555556,5.547032658,
552,2,B,24-Jan-23,24-apr-23,25-apr-23,0.148444444,4.961744318,
553,2,C,24-Jan-23,24-apr-23,25-apr-23,0.251555556,3.004732991,
555,,A1,24-Jan-23,24-apr-23,25-apr-23,0.153777778,2.508843009,"Error occurred - tags 554, 555, 556 and 560, 561, 562 were all labeled the same and the error was noticed in the lab. These extractions were therefore labeled 555-A1, 555-A2, 555-B1, 555-B2, 555-C1, 555-C2. The plot can not be discerned (wether plot 3 or plot 5) but the locations (A, B, or C) are correct. "
555,,A2,24-Jan-23,24-apr-23,25-apr-23,0.091555556,2.722315451,
555,,B3,24-Jan-23,24-apr-23,25-Apr-23,0.235555556,4.907969851,
555,,B4,24-Jan-23,24-apr-23,25-apr-23,0.350222222,1.110977775,
555,,C5,24-Jan-23,24-apr-23,25-apr-23,0.196444444,2.167368372,
555,,C6,24-Jan-23,24-apr-23,25-apr-23,0.561777778,1.466268522,
557,4,A,24-Jan-23,24-apr-23,25-apr-23,0.192,5.958806913,
558,4,B,24-Jan-23,24-apr-23,25-apr-23,0.152888889,2.978455292,
559,4,C,24-Jan-23,24-apr-23,25-apr-23,0.162666667,6.161172287,
563,6,A,24-Jan-23,24-apr-23,25-apr-23,0.226666667,14.08010592,
564,6,B,24-Jan-23,24-apr-23,25-apr-23,0.427555556,15.31001061,
565,6,C,24-Jan-23,24-apr-23,25-apr-23,1.539555556,20.09173914,
566,Blank,,,,25-apr-23,,,
567,Blank,,,,25-apr-23,,,
568,1,A,24-apr-23,26-Jul-23,26-Jul-23,0.337634409,4.28312514,
569,1,B,24-apr-23,26-Jul-23,26-Jul-23,0.442580645,6.908710345,
570,1,C,24-apr-23,26-Jul-23,26-Jul-23,0.143225806,3.610146886,
571,2,A,24-apr-23,26-Jul-23,26-Jul-23,0.139784946,2.438661365,
572,2,B,24-apr-23,26-Jul-23,26-Jul-23,0.185376344,3.560859814,Resin was stepped on
573,2,C,24-apr-23,26-Jul-23,26-Jul-23,0.43827957,7.372611795,
574,3,A,24-apr-23,26-Jul-23,26-Jul-23,0.300645161,12.97822965,
575,3,B,24-apr-23,26-Jul-23,26-Jul-23,1.070537634,4.657628232,
576,3,C,24-apr-23,26-Jul-23,26-Jul-23,0.67311828,29.13560648,
577,4,A,24-apr-23,26-Jul-23,26-Jul-23,1.037849462,8.725384601,
578,4,B,24-apr-23,26-Jul-23,26-Jul-23,0.263655914,5.795818763,
579,4,C,24-apr-23,26-Jul-23,26-Jul-23,1.276989247,2.346641355,Resin was almost on surface
580,5,A,24-apr-23,26-Jul-23,26-Jul-23,0.777204301,4.920186753,
581,5,B,24-apr-23,26-Jul-23,26-Jul-23,0.526021505,14.4243333,
582,5,C,24-apr-23,26-Jul-23,26-Jul-23,0.218924731,4.421810569,
583,6,A,24-apr-23,26-Jul-23,26-Jul-23,0.451182796,6.584936233,
584,6,B,24-apr-23,26-Jul-23,26-Jul-23,0.158709677,5.194804876,
585,6,C,24-apr-23,26-Jul-23,26-Jul-23,0.28688172,6.732797447,
586,Blank,,,,,,,
587,Blank,,,,,,,
588,1,A,26-Jul-23,31-Oct-23,31-Oct-23,0.598762887,5.257829948,
589,1,B,26-Jul-23,31-Oct-23,31-Oct-23,1.13814433,4.516711695,
590,1,C,26-Jul-23,31-Oct-23,31-Oct-23,0.16742268,5.917258042,
591,2,A,26-Jul-23,31-Oct-23,31-Oct-23,0.371134021,8.931624886,
592,2,B,26-Jul-23,31-Oct-23,31-Oct-23,0.563298969,12.21431248,
593,2,C,26-Jul-23,31-Oct-23,31-Oct-23,0.164948454,12.38297124,
594,3,A,26-Jul-23,31-Oct-23,31-Oct-23,0.457731959,4.79018521,
595,3,B,26-Jul-23,31-Oct-23,31-Oct-23,0.507216495,20.74000012,
596,3,C,26-Jul-23,31-Oct-23,31-Oct-23,0.52371134,5.044430119,
597,4,A,26-Jul-23,31-Oct-23,31-Oct-23,0.165773196,3.693777608,
598,4,B,26-Jul-23,31-Oct-23,31-Oct-23,0.548453608,6.805292902,
599,4,C,26-Jul-23,31-Oct-23,31-Oct-23,1.622268041,10.74099906,
600,5,A,26-Jul-23,31-Oct-23,31-Oct-23,0.484948454,7.150276724,
601,5,B,26-Jul-23,31-Oct-23,31-Oct-23,0.367835052,4.516711695,
602,5,C,26-Jul-23,31-Oct-23,31-Oct-23,0.481649485,8.64797152,
603,6,A,26-Jul-23,31-Oct-23,31-Oct-23,0.291134021,6.197015415,
604,6,B,26-Jul-23,31-Oct-23,31-Oct-23,1.388865979,15.84210958,
605,6,C,26-Jul-23,31-Oct-23,31-Oct-23,0.859381443,15.52904775,
606,Blank,,,,,,,
607,Blank,,,,,,,
608,1,A,31-Oct-23,18-jan-24,18-jan-24,1.986835443,3.830961394,
609,1,B,31-Oct-23,18-jan-24,18-jan-24,0.265316456,3.98002724,
610,1,C,31-Oct-23,18-jan-24,18-jan-24,0.167088608,4.828900141,
611,2,A,31-Oct-23,18-jan-24,18-jan-24,0.14278481,16.79382617,
612,2,B,31-Oct-23,18-jan-24,18-jan-24,0.305822785,12.33002933,
613,2,C,31-Oct-23,18-jan-24,18-jan-24,0.312911392,20.22203202,
614,3,A,31-Oct-23,18-jan-24,18-jan-24,0.294683544,8.743344582,
615,3,B,31-Oct-23,18-jan-24,18-jan-24,0.264303797,11.70413795,
616,3,C,31-Oct-23,18-jan-24,18-jan-24,0.564050633,28.5829903,
617,4,A,31-Oct-23,18-jan-24,18-jan-24,1.383291139,13.92253403,
618,4,B,31-Oct-23,18-jan-24,18-jan-24,0.52556962,16.21638891,
619,4,C,31-Oct-23,18-jan-24,18-jan-24,1.110886076,9.852696932,
620,5,A,31-Oct-23,18-jan-24,18-jan-24,0.520506329,3.661526301,
621,5,B,31-Oct-23,18-jan-24,18-jan-24,0.558987342,13.00638089,
622,5,C,31-Oct-23,18-jan-24,18-jan-24,0.210632911,8.230409929,
623,6,A,31-Oct-23,18-jan-24,18-jan-24,0.314936709,7.053623029,
624,6,B,31-Oct-23,18-jan-24,18-jan-24,0.24,7.850646939,
625,6,C,31-Oct-23,18-jan-24,18-jan-24,0.342278481,8.475149508,
626,Blank,,,,,,,
627,Blank,,,,,,,
628,,,1/18/24,4/10/24,4/10/24,0.308433735,13.06909405,
629,,,1/18/24,4/10/24,4/10/24,0.203373494,5.769527679,
630,,,1/18/24,4/10/24,4/10/24,0.141686747,7.664309429,
631,,,1/18/24,4/10/24,4/10/24,0.30939759,12.68423172,
632,,,1/18/24,4/10/24,4/10/24,0.009638554,19.69417784,
633,,,1/18/24,4/10/24,4/10/24,6.534939759,14.28777069,
634,,,1/18/24,4/10/24,4/10/24,0.384578313,4.467291138,
635,,,1/18/24,4/10/24,4/10/24,0.028915663,12.33100858,
636,,,1/18/24,4/10/24,4/10/24,0.078072289,6.186353704,
637,,,1/18/24,4/10/24,4/10/24,0.034698795,11.314985,
638,,,1/18/24,4/10/24,4/10/24,2.568674699,8.435981119,
639,,,1/18/24,4/10/24,4/10/24,3.18746988,11.34840897,
640,,,1/18/24,4/10/24,4/10/24,3.919036145,1.779095897,
641,,,1/18/24,4/10/24,4/10/24,0,2.614208216,
642,,,1/18/24,4/10/24,4/10/24,0.501204819,4.366856997,
643,,,1/18/24,4/10/24,4/10/24,0.164819277,8.556372287,
644,,,1/18/24,4/10/24,4/10/24,0.180240964,7.505302226,
645,,,1/18/24,4/10/24,4/10/24,0.218795181,14.12032637,
646,Blank,,1/18/24,4/10/24,4/10/24,,,
647,Blank,,1/18/24,4/10/24,4/10/24,,,
648,,,4/10/24,9/4/24,9/4/24,0.34585034,9.597345181,
649,,,4/10/24,9/4/24,9/4/24,0.346394558,8.194768318,
650,,,4/10/24,9/4/24,9/4/24,0.554285714,11.74179451,
651,,,4/10/24,9/4/24,9/4/24,0.058503401,15.59681962,
652,,,4/10/24,9/4/24,9/4/24,0.128707483,21.55662614,
653,,,4/10/24,9/4/24,9/4/24,0.611972789,19.770379,
654,,,4/10/24,9/4/24,9/4/24,0.411156463,4.127112193,
655,,,4/10/24,9/4/24,9/4/24,0.337687075,13.97693953,
656,,,4/10/24,9/4/24,9/4/24,0.253333333,15.48908412,
657,,,4/10/24,9/4/24,9/4/24,0.623401361,12.95711683,
658,,,4/10/24,9/4/24,9/4/24,0.227755102,14.11866301,
659,,,4/10/24,9/4/24,9/4/24,0.276734694,11.75407049,
660,,,4/10/24,9/4/24,9/4/24,0.235918367,2.4032527,
661,,,4/10/24,9/4/24,9/4/24,0.242993197,7.604146958,
662,,,4/10/24,9/4/24,9/4/24,0.429115646,6.964238441,
663,,,4/10/24,9/4/24,9/4/24,0.487346939,6.620236082,
664,,,4/10/24,9/4/24,9/4/24,0.33170068,11.13120177,
665,,,4/10/24,9/4/24,9/4/24,0.380680272,10.40160529,
666,Blank,,4/10/24,9/4/24,9/4/24,,,
667,Blank,,4/10/24,9/4/24,9/4/24,,,